Organization,Followed On
Hike,Tue Oct 25 19:08:14 UTC 2022
Control Risks,Tue Oct 25 11:25:43 UTC 2022
Hunt for Success,Thu Jul 28 11:01:24 UTC 2022
Deloitte,Sat Sep 25 17:25:44 UTC 2021
Purplle.com,Sat May 08 16:19:28 UTC 2021
Indian Navy ,Wed Jan 27 04:54:58 UTC 2021
Finshots,Mon Nov 30 22:14:53 UTC 2020
CATKing Educare,Mon Nov 30 07:43:53 UTC 2020
HDFC Bank,Wed Nov 18 08:17:15 UTC 2020
HackerRank,Wed Nov 18 08:16:41 UTC 2020
Coding Club,Wed Nov 18 08:16:39 UTC 2020
marvel_mutation,Wed Jul 22 15:26:44 UTC 2020
Airtel Payments Bank,Tue Jul 14 18:30:40 UTC 2020
The Job Man,Tue Jul 14 18:15:46 UTC 2020
Della by Jimmy Mistry,Thu May 21 05:06:35 UTC 2020
KPMG India,Sat May 02 06:07:41 UTC 2020
L&T Technology Services,Sat May 02 06:07:20 UTC 2020
Capgemini,Tue Mar 10 07:05:32 UTC 2020
Infosys,Tue Mar 10 07:05:30 UTC 2020
NVIDIA AI,Mon Feb 24 04:59:36 UTC 2020
BookMyShow,Mon Feb 24 04:59:29 UTC 2020
GeeksforGeeks,Mon Feb 24 04:59:26 UTC 2020
Cisco,Mon Feb 24 04:59:17 UTC 2020
GEP Worldwide,Mon Feb 24 04:59:12 UTC 2020
SP-TBI,Sun Nov 10 15:34:06 UTC 2019
LTI - Larsen & Toubro Infotech,Tue Oct 08 17:20:26 UTC 2019
IBM,Tue May 28 16:55:30 UTC 2019
ICICI Bank,Tue May 28 16:55:27 UTC 2019
Google,Tue May 28 16:54:56 UTC 2019
TED Conferences,Tue May 28 16:54:48 UTC 2019
Amazon,Tue May 28 16:54:42 UTC 2019
Bhartiya Vidya Bhavans Sardar Patel Institute of Technology Munshi Nagar Andheri Mumbai,Mon Jan 28 04:27:24 UTC 2019