Application Date,Contact Email,Contact Phone Number,Company Name,Job Title,Job Url,Resume Name,Question And Answers
"10/25/22, 12:08 PM",ajayu712@gmail.com, +919619915863,Hike,"Data Analyst (Full Time, Remote)",http://www.linkedin.com/jobs/view/3313347558,Ajay_Upadhyaya_CV.pdf,Please submit a resume or LinkedIn profile:-1131817691.pdf | Your title:Student Intern | Company:LTI - Larsen & Toubro Infotech | Dates of employment:2020-01-01 - 2020-07-01 | Dates of employment:2020-07-01 -  | Company:LTI - Larsen & Toubro Infotech | Mobile phone number:+91 9619915863 | Company:LTI - Larsen & Toubro Infotech | Email address:ajayu712@gmail.com | First name:Ajay | Job Listing Type:BASIC | Your title:Graduate Engineer | Dates of employment:2021-07-01 -  | Last name:Upadhyaya | Your title:Senior Consultant | Description:Frontend Developer
"7/14/20, 11:30 AM",ajayu712@gmail.com, +919619915863,Airtel Payments Bank,Data Scientist,http://www.linkedin.com/jobs/view/1879411298,Resume_Ajay_Upadhyaya.pdf,
"10/25/22, 4:25 AM",ajayu712@gmail.com, +919619915863,Control Risks,Data Analyst,http://www.linkedin.com/jobs/view/3302105225,Ajay_Upadhyaya_CV.pdf,"Degree:Bachelor of Engineering - BE | Highest level of education:Bachelors Degree | Dates attended:2004-06-null - 2014-03-null | Date available to start:2022-12-26 | Dates attended:2014-06-null - 2017-06-null | How many years of relevant experience do you have with Python?:3 | Major / Field of study:Electronics Engineering | Please submit a resume or LinkedIn profile:-1131817691.pdf | Languages spoken:English, Hindi, Marathi | How many years of relevant experience do you have with Machine Learning?:0 | Degree:Diploma | City:Mumbai | Current salary and currency:8,50,000 | State:Maharashtra | How many years of relevant experience do you have with ETL?:3 | Notice period:3 Months | Address:F-704 Premier Residences, Kohinoor City, Kurla (W), Mumbai - 400070 | How many years of relevant experience do you have with SQL scripting?:3 | School:Holy Cross High School, Kurla | First name:Ajay | Mobile phone number:+91 9619915863 | Dates attended:2017-08-null - 2020-06-null | Last name:Upadhyaya | Expected salary range and currency (please write full value):10,00,000 | Email address:ajayu712@gmail.com | How many years of relevant experience do you have with NLP?:0 | School:Government Polytechnic, Mumbai | Major / Field of study:Electronics Engineering | School:Bhartiya Vidya Bhavans Sardar Patel Institute of Technology Munshi Nagar Andheri Mumbai"
"5/8/21, 9:19 AM",ajayu712@gmail.com, +919619915863,Purplle.com,Business Analyst,http://www.linkedin.com/jobs/view/2534629726,Resume_Ajay_Upadhyaya.pdf,
"10/25/22, 10:00 PM",ajayu712@gmail.com, +919619915863,Tata Consultancy Services,PL/SQL Developer,http://www.linkedin.com/jobs/view/3306852100,Ajay_Upadhyaya.pdf,"How many years of work experience do you have with Microsoft SQL Server?:4 | Please submit a resume or LinkedIn profile:2132183824.pdf | How many years of work experience do you have with PL/SQL?:4 | Mobile phone number:+91 9619915863 | Are you willing to take a drug test, in accordance with local law/regulations?:Yes | Email address:ajayu712@gmail.com"
"10/25/22, 9:41 PM",ajayu712@gmail.com, +919619915863,Spinny,Business Analyst,http://www.linkedin.com/jobs/view/3302162829,Ajay_Upadhyaya.pdf,Are you okay commuting to Gurugram?:Yes | Spinny has a 6 day work-week. Are you okay?:Yes | Please submit a resume or LinkedIn profile:2132183824.pdf | Mobile phone number:+91 9619915863 | What is your Current CTC?:850000 | Email address:ajayu712@gmail.com
"10/26/22, 4:03 AM",ajayu712@gmail.com, +919619915863,Tata Consultancy Services,TCS is Hiring ESG Data Analyst,http://www.linkedin.com/jobs/view/3326275353,Ajay_Upadhyaya.pdf,"How many years of work experience do you have in quantitative data analysis and reporting in ESG domain?:1 | Email address:ajayu712@gmail.com | What is your expected CTC?:1000000 | How many years of work experience do you have in mathematical/statistical methods used for quantitative data analysis for handling large data sets?:1 | Please submit a resume or LinkedIn profile:2132183824.pdf | How many years of experience do you have in ESG or stainability as a Data analyst?:1 | How many years of work experience do you have in data visualizing tool like Power BI and Tableau?:2 | How many years of work experience do you have in using python for data analysis?:2 | Have you studied mathematics and Statistics in 11 or 12 or graduation or Masters?:Yes | What is your notice period?:3 | Have you worked with TCS before?:No | How many years of work experience do you have in using SQL for data analysis?:3 | Ready to work in Delhi, Mumbai, Pune, Bangalore or Kochi?:Yes | What is your current CTC?:850000 | Mobile phone number:+91 9619915863 | Have you completed any course in Data Science or Data Analysis?:Yes"
